Workbook

Sheet 说明
A1: AgentDeck MVP 端到端用例与问题清单
A2: 生成时间 | B2: 2026-10-24，基于 main 925c11f（下午补了 E24、Q38、Q39，Q38、Q39 已修）。证据来自各包测试、apps/desktop/ASSEMBLY_NOTES.md、2026-10-23 的组装和两次启动截图。
A4: 怎么用
A5: 1 | B5: 先看「端到端用例」：排在最前面、标着“⚠ 当前有问题”的是已知会出问题的用例，问题写在“当前问题”列。
A6: 2 | B6: 按“前置要求 → 操作步骤”去试，对照“UI / 后台预期表现”和“最终效果”判断，在黄色的“验收结果”“验收备注”两列填写。
A7: 3 | B7: 「问题清单」按 P 级排好了，解决一条就把“处理状态”改成“已解决”，「汇总」会自动更新。
A9: 需要你填的列 | B9: 黄色底的列：端到端用例的“验收结果”“验收备注”；问题清单的“处理状态”“处理备注”。其他列不用改。
A10: 验收结果怎么填 | B10: 通过 / 不通过 / 阻塞（前置条件做不到）/ 跳过。下拉可选。
A12: 用例状态的含义
A13: ⚠ 当前有问题 | B13: 已经知道这个流程里有缺陷或和需求不一致，问题写在“当前问题”列
A14: 未验证 | B14: 功能写了、有自动测试，但没在真的应用窗口里走过
A15: 部分验证 | B15: 流程里有几步在真窗口里试过，其余没有
A16: 已验证 | B16: 2026-10-23 组装时在真窗口里走通过
A17: 未实现 | B17: 属于 MVP 完整版（P1 功能），还没做
A19: P 级的含义
A20: P0 | B20: 阻塞 MVP 验收：不修好或不验证完，就不能说基础 MVP 完成
A21: P1 | B21: 影响主要流程的正确性或可用性，有绕过办法，MVP 交付前要处理
A22: P2 | B22: 次要体验、完整性、性能测量，MVP 之后可以做
A23: P3 | B23: 工程卫生、清理
A25: 示例填写 | B25: 端到端用例 E21（已验证）一行里，“验收结果”可以填“通过”，“验收备注”写“在 ~ 里打开，输出正常”。

Sheet 端到端用例
A1: 用例编号 | B1: 优先级 | C1: 当前状态 | D1: 业务场景 | E1: 前置要求 | F1: 操作步骤 | G1: UI / 后台预期表现 | H1: 最终效果 | I1: 当前问题 | J1: 关联问题 | K1: 验收结果 | L1: 验收备注
A2: E24 | B2: P0 | C2: 部分验证 | D2: 在面板里给“主目录工作区”切换分支 | E2: 主目录工作区的框里开着终端（空闲也算）；项目是一个普通测试仓库，不要用 agenduck 本身 | F2: 1. 聚焦框里的终端 2. 面板里单击分支按钮 3. 单击另一个分支 | G2: UI：只要这个目录里有终端开着（不管 Running 还是 Idle），先弹确认，写明哪些终端在这个目录里、它们看到的文件会变；确认后才切换，框标题更新为新分支。 后台：确认后才执行 git switch；切换后 workspace-service 更新记录并发 workspace.changed。 | H2: 不会因为点错一下就把正在用的目录切到别的分支 | I2: 已修（925c11f）：只要目录里有终端开着就确认（Q38）；切 AgentDeck 自己运行的目录（agenduck）会被拒绝并提示（Q39）。在真窗口里用调试端口调用切分支已确认被拒绝；确认框请在一个测试仓库上点一遍验收。起因：2026-10-24 在 agenduck 的主目录工作区里单击分支，没确认就切到遗留分支，正在运行的 AgentDeck 热更新成旧代码 | J2: Q38 Q39 Q31
A3: E04 | B3: P0 | C3: ⚠ 当前有问题 | D3: agent 停下来请求批准时，用户一眼看出是谁在等 | E3: 框里有一个已信任文件夹的 claude；应用分别在前台、后台各试一次 | F3: 1. 让 claude 执行一个需要批准的命令（例如 “run ls in a new shell”） 2. 不点任何东西，观察 2 秒 3. 切到别的应用，再触发一次 | G3: UI：2 秒内窗口出现橙色边框，标题栏状态 Needs approval，框标题和顶栏显示 “1 waiting”，程序坞角标 1；应用在后台时弹系统通知 “claude in … needs approval”。 后台：claude 的 PermissionRequest 钩子经 agentdeck-notify 送到钩子 socket，状态机进入 needs-approval 并广播 status.changed。 | H3: 不用盯着每个终端，也知道哪个 agent 在等你 | I3: claude 还停在“信任这个文件夹”提示时，状态显示 Idle，不变橙（Q06）；真 claude 的批准请求从没端到端跑过（Q01）；系统通知没真弹过（Q14） | J3: Q01 Q06 Q14
A4: E05 | B4: P0 | C4: ⚠ 当前有问题 | D4: 跳到在等你的窗口，直接批准，agent 继续干活 | E4: E04 的状态：有一个 claude 在 Needs approval | F4: 1. 按 ⌘J 2. 在终端里按 claude 的“允许一次”键 3. 观察状态 | G4: UI：白板平移到那个窗口并聚焦，橙色边框消失（状态点仍橙）；批准后状态变 Running，“1 waiting” 消失。 后台：输入经 tmux-host 送进 claude；PostToolUse / 新输出让状态机回到 running。 | H4: 从发现到批准一气呵成，不用找窗口 | I4: 需求写的是“直接按 y”，但 claude 实测“允许一次”是 1 或回车（线 1 核对），y 不确定能用，需要定需求（Q12）；批准后回到运行中没测过（Q01） | J4: Q01 Q12
A5: E03 | B5: P0 | C5: ⚠ 当前有问题 | D5: 同一个仓库开两个工作区，两个 claude 并行改代码互不影响 | E5: 已有项目，已建好 feat/oauth 工作区（E02） | F5: 1. 再建一个 fix/rate-limit 工作区 2. 两个框里各新开一个 claude，紧接着连续开 3. 各让它改一个不同的文件 | G5: UI：两个框各自显示自己的分支，两个 claude 都正常启动；右侧面板随聚焦切换，只显示各自 worktree 的改动。 后台：两个 worktree 各有自己的 HEAD 和暂存区；两个 tmux 会话的工作目录分别是两个 worktree。 | H5: 多个 agent 在同一仓库的不同分支上同时工作，改动不串 | I5: 连着新建两个终端时，第二个可能误显示 “Previous session ended”（Q07）；两个真 claude 并行从没试过（Q03） | J5: Q03 Q07
A6: E10 | B6: P0 | C6: ⚠ 当前有问题 | D6: 退出应用再打开，所有东西都还在 | E6: 白板上有框和至少两个终端，其中一个在跑 | F6: 1. ⌘Q 退出 2. 再打开（pnpm dev） | G6: UI：框和窗口的位置、大小不变；终端接回，历史输出都在；状态和计时正确。 后台：tmux 里的会话在应用退出期间一直在跑；重开时按保存的 terminalId 接回，状态机重新登记这些终端。 | H6: 关应用不打断 agent 的工作 | I6: 接回后状态都显示 “Idle · now”，开始时间没接上（Q08）；强杀进程（不是 ⌘Q）后恢复没测过（Q27）。位置和输出 2026-10-23 已验证 | J6: Q08 Q27
A7: E02 | B7: P0 | C7: ⚠ 当前有问题 | D7: 基于 main 新建一个分支工作区，开箱即用 | E7: 已添加项目（E01）；项目里有 .env；设置了初始化命令（例如 pnpm install） | F7: 1. 右键 › New workspace… 2. 选 New worktree、New branch，名字 feat/oauth，from main 3. Create | G7: UI：框出现在右键的位置，标题 “项目 · feat/oauth”；框里自动开一个 Shell 运行初始化命令；右侧面板显示 feat/oauth。 后台：git worktree add 建好目录并新建分支；.env 被复制过去；失败时已建的 worktree 和分支回滚。 | H7: 一个新分支的独立工作目录准备好了，agent 可以直接进去干活 | I7: 从界面新建 worktree 在真窗口里从没走过（Q02）；开发模式下 worktree 放在 .agentdeck-dev 里借用的假主目录下，路径和正式版不同（Q19） | J7: Q02 Q19
A8: E15 | B8: P1 | C8: ⚠ 当前有问题 | D8: 修改项目设置：基础分支、复制的文件、初始化命令 | E8: 已添加项目 | F8: 1. 顶栏 Projects ▾ › Manage projects…（或 Settings › Projects） 2. 改基础分支和初始化命令 3. 新建一个工作区验证 | G8: UI：有项目设置页，能看到并修改名称、路径、基础分支、worktree 位置、复制的文件、初始化命令。 后台：设置写进 store，新建工作区时生效。 | H8: 每个项目按自己的习惯建工作区 | I8: 没有 Settings 界面：点 Settings 只是用系统程序打开 settings.json，Settings › Projects 不存在（Q13） | J8: Q13
A9: E16 | B9: P2 | C9: ⚠ 当前有问题 | D9: 刚打开应用，右侧面板给出有用的信息 | E9: 白板上有一个工作区框，还没有聚焦任何窗口 | F9: 1. 打开应用，不点任何东西 2. 单击框里的一个终端 | G9: UI：没聚焦时提示怎么开始（例如 “Select a window to see its changes”）；聚焦后显示那个工作区的 git 状态。 后台：面板只在聚焦变化时刷新一次。 | H9: 面板不说让人困惑的话 | I9: 没聚焦任何窗口时也显示 “This window isn’t in a workspace.”（Q22，见重开截图） | J9: Q22
A10: E17 | B10: P2 | C10: ⚠ 当前有问题 | D10: 右键新建终端，菜单只列出能用的 agent | E10: 本机装了 claude 和 codex | F10: 1. 在白板空白处右键 › New terminal ▸ | G10: UI：列出 Claude、Codex、Shell，用适配器的名字显示；没装的不出现；选中后在点击的位置开终端。 后台：agents.list() 返回已安装的 agent。 | H10: 菜单里每一项都能用 | I10: 白板按 agent id 而不是名字显示，并且会列出用不了的 custom；应用里先把 custom 藏掉了，白板包本身没改（Q21） | J10: Q21
A11: E01 | B11: P0 | C11: 未验证 | D11: 第一次打开应用，添加一个项目 | E11: 干净的数据目录（删掉 .agentdeck-dev 或设 AGENTDECK_DATA_DIR 到新目录）；有一个本地 git 仓库 | F11: 1. 在白板空白处右键 › Add project… 2. 在系统的选文件夹窗口里选仓库（试一次选它的子文件夹） | G11: UI：系统选文件夹窗口出现；选完直接进入 New workspace 对话框，项目已选好；选子文件夹时提示用了仓库根目录。 后台：projects 表多一条；基础分支自动识别为远端默认分支或 main。 | H11: 加项目一步到位，直接进入建工作区 | I11: 流程有单测；组装时用的是演示模式自动加项目，真窗口里没点过 | J11: Q02
A12: E06 | B12: P1 | C12: 部分验证 | D12: 在框里跑 dev server，点链接就在白板上看效果 | E12: 框里有一个 Shell 终端；项目能跑 pnpm dev（或用 python3 -m http.server 8765 代替） | F12: 1. 在终端里运行 dev server 2. 单击输出里的 localhost 地址 3. 再单击一次同一个地址 | G12: UI：网页窗口出现在终端右边、同一个框里，页面正常显示；第二次单击聚焦并刷新已开的窗口，不新开。 后台：port-watch 从输出里识别出地址；主进程把这个来源加入响应头改写名单。 | H12: 写代码和看效果在同一个框里 | I12: 组装时用 python http.server 点开过网页窗口；真 pnpm dev 和“第二次点击复用”没在真窗口里试
A13: E07 | B13: P0 | C13: 部分验证 | D13: 在右侧面板里提交 agent 改的代码 | E13: 某个工作区里有几个改动的文件；用一个测试分支，不要在 main 上提交 | F13: 1. 聚焦那个工作区里的终端 2. 悬停文件单击 + 暂存两个 3. 写提交信息，按 ⌘↩ | G13: UI：面板显示这个分支的更改，按文件夹树形排列；暂存后进 Staged Changes；提交后列表清空一部分，提交记录顶部出现这一条。 后台：git add / git commit 在这个 worktree 里执行；提交后面板再刷新一次 status。 | H13: 不离开白板完成提交 | I13: 暂存和取消暂存在真窗口里试过；真的提交没做（为了不改 main）
A14: E08 | B14: P2 | C14: 未验证 | D14: 想切到已被别的工作区占用的分支时，直接跳过去 | E14: 同一仓库有 feat/oauth 和 fix/rate-limit 两个工作区（E03） | F14: 1. 聚焦 feat/oauth 里的终端 2. 面板里单击分支按钮 3. 单击灰显的 fix/rate-limit | G14: UI：fix/rate-limit 灰显并写着 “in fix/rate-limit”；单击后白板平移到那个框并聚焦。 后台：分支列表来自 git worktree list；不执行任何 git 操作。 | H14: 不会因为分支被占用而切换失败 | I14: 面板有单测；需要第二个 worktree，组装时没试 | J14: Q25
A15: E09 | B15: P2 | C15: 部分验证 | D15: 把终端拉小成摘要卡，腾出地方 | E15: 框里有两个在跑的终端 | F15: 1. 把两个终端的右下角往里拉到很小 2. 单击其中一个摘要卡 | G15: UI：小于 320×200 时变成摘要卡，显示最后 3 行和状态，在等你的仍是橙色；单击恢复到拉小之前的大小并聚焦，画面不乱。 后台：摘要卡用 capture-pane 取最后几行，不 attach；恢复时重新 attach。 | H15: 一屏放下更多 agent，又不丢信息 | I15: 白板和终端窗口都有单测；真窗口里没拉过 | J15: Q23
A16: E11 | B16: P2 | C16: 未验证 | D16: 在系统终端里接上同一个 agent 会话 | E16: 有一个在跑的 claude 终端 | F16: 1. 标题栏右键 › Open in system terminal 2. 在两边各输入几个字 | G16: UI：系统终端打开并显示同一个会话；两边的输入和输出同步。 后台：执行 tmux -L agentdeck attach-session -t <id>。 | H16: 需要时可以用自己习惯的终端接着干 | I16: 命令拼装有单测；组装时没真点（会打开别的应用） | J16: Q15
A17: E12 | B17: P1 | C17: 部分验证 | D17: 删除工作区，连目录一起删 | E17: 一个 worktree 工作区，里面有一个未提交的改动；用测试分支 | F17: 1. 右键框 › Delete workspace… 2. 选 Also delete the worktree folder 3. 确认；看到“有未提交的更改”再确认一次 | G17: UI：第一次确认后提示有未提交的更改，必须再确认；完成后框从白板消失。 后台：git worktree remove --force；目录从磁盘消失，分支保留。 | H17: 清理干净，又不会误删还没提交的工作 | I17: 服务层有真 git 测试；真窗口里没走过。会删目录，要在测试仓库上试 | J17: Q24
A18: E13 | B18: P1 | C18: 部分验证 | D18: 关掉窗口，agent 在后台继续，需要时通知你 | E18: 有一个在跑的 claude | F18: 1. 单击窗口的关闭按钮（不是 ⌘Q） 2. 等 claude 请求批准 3. 单击系统通知 | G18: UI：窗口消失，应用留在程序坞；有批准请求时弹系统通知、角标变 1；单击通知窗口回来并跳到那个终端。 后台：界面销毁但主进程和 tmux 连接还在；钩子照常到达。 | H18: 关窗口不等于停工 | I18: 关窗口后台继续、点程序坞图标回来在真窗口里试过；点系统通知没试 | J18: Q14
A19: E18 | B19: P1 | C19: 部分验证 | D19: 焦点在网页窗口里时，应用快捷键照样能用 | E19: 白板上有一个网页窗口和一个终端 | F19: 1. 单击网页内容 2. 用真键盘按 ⌘J、⌘B、⌘W、⌘0、⌘1 3. 在网页里按 ⌘R | G19: UI：⌘J / ⌘B / ⌘W / ⌘0 / ⌘1 照常生效；⌘R 只刷新这个网页，不重载整个应用。 后台：快捷键注册成应用菜单的 accelerator。 | H19: 不管焦点在哪，快捷键行为一致 | I19: 只用菜单项触发过 ⌘B、⌘W；真键盘没试 | J19: Q16
A20: E19 | B20: P1 | C20: 未验证 | D20: 没装 tmux 或版本太低时给出明确的指引 | E20: 临时把 PATH 里的 tmux 去掉，或用一个低于 3.5 的 tmux | F20: 1. 启动应用 2. 按提示安装后点 Retry | G20: UI：显示说明页，写明需要 tmux ≥ 3.5 和 brew install tmux，有 Retry；装好后 Retry 能起来。 后台：启动时检查 tmux -V；低于 3.5 抛 tmux-unavailable。 | H20: 第一次用的人知道该做什么 | I20: 版本检查有单测；说明页在真窗口里没看过
A21: E20 | B21: P1 | C21: 未验证 | D21: 从程序坞打开应用，agent 照样能联网、能登录 | E21: 需要打包好的应用（现在还没有打包流程） | F21: 1. 从程序坞或访达打开 AgentDeck 2. 新开一个 claude，发一句话 | G21: UI：claude 正常回答，不出现 403 或找不到命令。 后台：启动时读登录 shell 的环境（PATH、代理变量），传给 tmux-host 和适配器。 | H21: 不管从哪里打开，体验都和终端里一样 | I21: 只从终端里 pnpm dev 启动过，那时环境本来就是全的；从程序坞启动要等有打包版本（Q11、Q37） | J21: Q11 Q37
A22: E21 | B22: P0 | C22: 已验证 | D22: 右键在白板上开一个终端并使用 | E22: 应用已打开 | F22: 1. 空白处右键 › New terminal ▸ Shell 2. 输入 git status | G22: UI：在点击的位置出现终端，散放的终端在 ~ 运行；输出正常显示，状态 Running 后变 Idle。 后台：tmux 里新建会话，窗格带 AGENTDECK_TERM；输出经 MessagePort 直达界面。 | H22: 白板上直接用真终端 | I22: 2026-10-23 组装时验证
A23: E22 | B23: P1 | C23: 已验证 | D23: 关闭运行中的终端会结束进程 | E23: 有一个在跑的终端 | F23: 1. 单击标题栏的关闭 2. 在确认框里选结束并关闭 | G23: UI：先弹确认；确认后窗口消失。 后台：tmux 会话被结束。 | H23: 关窗口不会留下看不见的进程 | I23: 2026-10-23 组装时验证
A24: E23 | B24: P1 | C24: 已验证 | D24: 在面板里暂存再取消暂存一个文件 | E24: 工作区里有一个改动 | F24: 1. 单击文件旁的 + 2. 再单击 − | G24: UI：文件在 Changes 和 Staged Changes 之间移动。 后台：git add / git restore --staged；git status 和界面一致。 | H24: 暂存操作和命令行一致 | I24: 2026-10-23 组装时验证（两次都对照了 git status）
A25: E14 | B25: P2 | C25: 未实现 | D25: 重启电脑后恢复上次的工作区和 agent 对话 | E25: 电脑重启过（或 tmux kill-server 模拟） | F25: 1. 打开应用 2. 在 “Restore your last session?” 里选 Restore all | G25: UI：弹出恢复提示；恢复后工作区和窗口在原位，claude 接回原来的对话，Shell 在原目录打开并填好命令。 后台：按记录的会话 id 运行 claude --resume <id>、codex resume <id>。 | H25: 重启不丢上下文 | I25: 属于 MVP 完整版（M4 · X6），还没做 | J25: Q36

Sheet 问题清单
A1: 问题编号 | B1: P 级 | C1: 类型 | D1: 所属模块 | E1: 问题描述 | F1: 怎么复现 / 怎么验证 | G1: 影响 | H1: 建议处理 | I1: 关联用例 | J1: 处理状态 | K1: 处理备注
A2: Q01 | B2: P0 | C2: 未验证 | D2: agent-adapters · 整体 | E2: 真 claude 的完整一轮从没在应用里跑通：信任提示之后的 SessionStart → 输入 → PermissionRequest → 批准 → Stop | F2: 在 claude 窗口选 Yes, I trust this folder，按 E04、E05 走一遍 | G2: “谁在等你”这个核心能力还没被真实验证 | H2: 先手动验收 E04/E05；之后写进端到端测试 | I2: E04 E05 | J2: 待处理
A3: Q02 | B3: P0 | C3: 未验证 | D3: workspace-service · 白板 | E3: 从界面新建 worktree 工作区、在框里开终端，从没在真窗口里走过 | F3: 按 E01、E02 走一遍 | G3: 多分支并行的基础，没走过就不能说 MVP 可用 | H3: 手动验收 E01/E02 | I3: E01 E02 | J3: 待处理
A4: Q03 | B4: P0 | C4: 未验证 | D4: 整体 | E4: 同一仓库两个工作区、两个 claude 并行改代码，从没试过 | F4: 按 E03 走一遍 | G4: 这是产品的核心卖点 | H4: 手动验收 E03 | I4: E03 | J4: 待处理
A5: Q04 | B5: P0 | C5: 缺失 | D5: e2e | E5: 没有端到端自动测试（任务 R2）：仓库里没有 Playwright、没有 e2e 目录；14 条验收场景都没自动化 | F5: — | G5: 以后每次改动都要靠人工回归 | H5: 用 Playwright 的 Electron 模式，先做能完全自动的 E01 E02 E06 E07 E09 E10 E12 | I5: 全部 | J5: 待处理
A6: Q05 | B6: P0 | C6: 未验证 | D6: tmux-host · 终端窗口 | E6: F7 列的 9 项终端手感只能人看，都还没确认：颜色和框线字符、Esc / Shift+Enter / 多行粘贴、触控板滚动和回滚、拖选复制、和系统终端同时接上、claude 完成提醒等 | F6: 照 packages/tmux-host/AGENTS.md「需要人工确认」逐项试 | G6: 终端是天天用的东西，手感不对很快就不想用 | H6: 验收时逐项打勾，有问题记成新的 Q | J6: 待处理
A7: Q38 | B7: P0 | C7: 缺陷 | D7: 源代码管理面板 · 白板 | E7: 在面板里单击分支会立刻切换，不确认：只有在有未提交改动或有 Running 的 agent 时才弹框；框里的终端是 Idle 时直接切。空闲的 agent 和 Shell 也在这个目录里，切分支会改掉它们眼前的文件 | F7: 主目录工作区里开一个 Idle 的终端，在面板里单击另一个分支 | G7: 误点一下就切走正在用的目录；2026-10-24 验收时实际发生 | H7: 只要这个目录里有任何终端开着就先确认（白板把框里所有活着的终端传给面板，不只 Running 的）；确认框写清会受影响的终端 | I7: E24 | J7: 已解决 | K7: 2026-10-24 已修（925c11f）：只要目录里有终端开着就确认，确认框列出这些终端；面板加了测试
A8: Q39 | B8: P0 | C8: 开发风险 | D8: apps/desktop · 开发流程 | E8: 用 AgentDeck 管理 agenduck 仓库自己时，切换主目录的分支会改掉正在运行的 AgentDeck 的源代码，开发服务器热更新成旧代码，界面直接坏掉 | F8: 在 agenduck 自己的主目录工作区里切到任何旧分支 | G8: 验收和自举开发时很容易误伤；恢复要手动 git switch main 再重启 | H8: 短期：验收用别的测试仓库，或在独立 worktree 里跑 pnpm dev；长期：应用检测到要切的目录就是自己运行的目录时拒绝并提示 | I8: E24 | J8: 已解决 | K8: 2026-10-24 已修（925c11f）：应用启动时找出自己运行的目录，界面对它切分支、建分支并切换、连目录删除都拒绝；真窗口里验证过
A9: Q06 | B9: P1 | C9: 缺陷 | D9: agent-adapters | E9: claude 停在“信任这个文件夹”提示时，状态显示 Idle，应该算在等你 | F9: 打开一个没信任过的目录里的 claude | G9: 用户以为 claude 在空闲，其实它卡着等你 | H9: 状态机把启动后迟迟没有 SessionStart、且屏幕停住的情况算 needs-reply，或识别信任提示 | I9: E04 | J9: 待处理
A10: Q07 | B10: P1 | C10: 缺陷 | D10: 终端窗口 | E10: 连着新建两个终端时，第二个可能误显示 “Previous session ended”（它复用了 500 毫秒内的 terminals.list() 结果） | F10: 快速连开两个终端 | G10: 用户以为终端没起来 | H10: 新建后强制刷新列表，或按 terminalId 精确查询 | I10: E03 | J10: 待处理
A11: Q09 | B11: P1 | C11: 技术债 | D11: tmux-host | E11: pty.ts 自己声明了顶层 const require，和 electron-vite 注入的重名，终端进程一启动就崩；组装时在构建配置里绕过 | F11: 去掉桌面构建配置里的绕过插件后启动 | G11: 换构建工具或打包时会再炸 | H11: 在 tmux-host 里改名，去掉绕过 | J11: 待处理
A12: Q10 | B12: P1 | C12: 技术债 | D12: tmux-host | E12: 打包后默认的 tmux.conf 路径不对，应用现在总是显式传路径 | F12: 打包后不传路径启动 | G12: 打包时容易漏 | H12: 默认路径按打包后的资源目录算 | J12: 待处理
A13: Q11 | B13: P1 | C13: 未验证 | D13: apps/desktop | E13: 从程序坞打开时读登录 shell 环境（PATH、代理）没验证过：只从终端 pnpm dev 启动过，那时环境本来就全 | F13: 有打包版本后从程序坞打开，开 claude 发一句话 | G13: 之前 403 就是缺代理变量导致的 | H13: 和 Q37 一起做 | I13: E20 | J13: 待处理
A14: Q12 | B14: P1 | C14: 需求不一致 | D14: 需求 · agent-adapters | E14: 验收场景 5 写“直接按 y 批准”，claude 实测“允许一次”是 1 或回车，y 能不能用不确定 | F14: 在 claude 的批准提示里按 y 试一次 | G14: 按错键可能选到别的选项 | H14: 改需求写法为“按 agent 的允许一次键（claude 是 1）”，或实测 y 后定下 | I14: E05 | J14: 待处理
A15: Q13 | B15: P1 | C15: 缺失 | D15: 白板 · apps/desktop | E15: 没有 Settings 界面：设置存在 settings.json，点 Settings 用系统程序打开它；需求里的 Settings › Projects、Settings › Agents 都没有 | F15: 点顶栏 Settings | G15: 项目设置、agent 启动参数、破坏性命令名单都只能手改 JSON | H15: 先做 Projects 和 Agents 两页 | I15: E15 | J15: 待处理
A16: Q14 | B16: P1 | C16: 未验证 | D16: apps/desktop | E16: 系统通知真弹出、单击后窗口回来并跳到终端，没验证 | F16: 按 E13 走一遍 | G16: 后台提醒是“不用盯着”的关键 | H16: 手动验收 E13 | I16: E04 E13 | J16: 待处理
A17: Q16 | B17: P1 | C17: 未验证 | D17: apps/desktop · 白板 | E17: 焦点在网页窗口里时，用真键盘按应用快捷键没验证过（只用菜单项触发过） | F17: 按 E18 走一遍 | G17: 快捷键失灵会很烦 | H17: 手动验收 E18 | I17: E18 | J17: 待处理
A18: Q17 | B18: P1 | C18: 技术债 | D18: contracts | E18: 线 1 的 13 条接口意见没整理成 0.1.4：关闭确认不知道进程在不在跑、⌘K 只发 Ctrl+L 没清历史、拖入文件拿不到路径、没有打开外部链接、没有终端配色 token 等 | F18: 看 packages/tmux-host/CONTRACT_NOTES.md | G18: 这些地方现在是各包自己临时处理 | H18: 出 contracts 0.1.4 并跟进实现 | J18: 待处理
A19: Q24 | B19: P1 | C19: 未验证 | D19: 白板 · workspace-service | E19: 在真窗口里删除工作区并删目录没走过（会真删磁盘目录） | F19: 在测试仓库上按 E12 走一遍 | G19: 删除是不可逆操作，必须先验证 | H19: 手动验收 E12 | I19: E12 | J19: 待处理
A20: Q08 | B20: P2 | C20: 缺陷 | D20: agent-adapters · contracts | E20: 重开应用后终端状态都显示 “Idle · now”，开始时间没接上 | F20: 有终端在跑时 ⌘Q 再打开 | G20: 计时不准，但不影响使用 | H20: 状态机接受恢复时的真实开始时间 | I20: E10 | J20: 待处理
A21: Q15 | B21: P2 | C21: 未验证 | D21: 终端窗口 · apps/desktop | E21: Open in system terminal 没真点过 | F21: 按 E11 走一遍 | G21: 辅助功能 | H21: 手动验收 E11 | I21: E11 | J21: 待处理
A22: Q18 | B22: P2 | C22: 技术债 | D22: 白板 · 网页窗口 · git · agent | E22: 线 2–5 还没把 contracts 0.1.3 的新字段用进代码：白板仍按 type === "terminal" 写特例、reuseKey 不随白板保存、网页窗口用本地的 reloadToken、远端分支和接回已有 worktree 没实现等 | F22: 看各包 CONTRACT_NOTES.md 开头的“待跟进” | G22: 加新窗口类型时要改白板 | H22: 各包跟进一轮 | J22: 待处理
A23: Q19 | B23: P2 | C23: 缺失 | D23: workspace-service | E23: 没有“worktree 放在哪”的选项，开发模式下借用 .agentdeck-dev 里的假主目录 | F23: 开发模式下新建 worktree，看它的路径 | G23: 开发和正式版路径不一致 | H23: 给 workspace-service 加 worktreeRoot 参数 | I23: E02 | J23: 待处理
A24: Q20 | B24: P2 | C24: 缺陷 | D24: 白板 | E24: 第二次调用 start() 在白板加载完之前就返回 | F24: 连续调用两次 controller.start() | G24: 应用里已绕过（先 start 再渲染） | H24: 让 start() 返回同一个 Promise | J24: 待处理
A25: Q21 | B25: P2 | C25: 缺陷 | D25: 白板 | E25: 新建终端菜单会列出用不了的 custom，并按 agent id 而不是名字显示 | F25: 右键 › New terminal ▸ | G25: 应用里先藏了 custom | H25: 按 AgentInfo.label 显示，过滤 custom | I25: E17 | J25: 待处理
A26: Q22 | B26: P2 | C26: 缺陷 | D26: 源代码管理面板 | E26: 没有聚焦任何窗口时也显示 “This window isn’t in a workspace.” | F26: 打开应用不点任何东西 | G26: 文案让人困惑 | H26: 区分“没聚焦”和“聚焦的是散放窗口” | I26: E16 | J26: 待处理
A27: Q23 | B27: P2 | C27: 未验证 | D27: 白板 · 终端窗口 | E27: 在真窗口里拉小成摘要卡、再恢复，画面会不会乱没验证 | F27: 按 E09 走一遍 | G27: 摘要卡是放下更多窗口的办法 | H27: 手动验收 E09 | I27: E09 | J27: 待处理
A28: Q25 | B28: P2 | C28: 未验证 | D28: 源代码管理面板 | E28: 单击被别的工作区占用的分支跳到那个框，没在真窗口里试 | F28: 按 E08 走一遍 | G28: 辅助功能 | H28: 手动验收 E08 | I28: E08 | J28: 待处理
A29: Q26 | B29: P2 | C29: 未验证 | D29: 性能 | E29: 三项完成标准没测量：30 个窗口平移不掉帧（B1）、Electron 里 6 个终端打字延迟（T2，只量到 tmux-host 层）、空闲时 CPU 接近 0（G4） | F29: 写测量脚本 | G29: 流畅是一开始的要求之一 | H29: 用组装好的应用加调试端口测 | J29: 待处理
A30: Q27 | B30: P2 | C30: 未验证 | D30: apps/desktop · store | E30: 强杀应用进程（不是 ⌘Q）后再打开，布局和终端恢复没测过 | F30: kill -9 主进程后再打开 | G30: 崩溃后能不能恢复 | H30: 手动试一次，再写进端到端 | I30: E10 | J30: 待处理
A31: Q28 | B31: P2 | C31: 缺失 | D31: apps/desktop | E31: IPC 层的“统一超时包装”没找到，只有错误码透传 | F31: 看 apps/desktop/src/main/ipc.ts | G31: 某个服务卡住时界面会一直等 | H31: 给 invoke 加默认超时 | J31: 待处理
A32: Q29 | B32: P2 | C32: 未验证 | D32: CI | E32: GitHub Actions 从没跑过；工作流里也没装 tmux，真 tmux 的测试在 CI 上会被跳过 | F32: — | G32: 只能靠本机跑 pnpm check | H32: 给出仓库名后推送；工作流里 brew/apt 装 tmux 3.5+ | J32: 待处理
A33: Q31 | B33: P2 | C33: 清理 | D33: git | E33: 开发期间留下十几个已合并的分支和 worktree，面板 Repository 区和分支下拉里全列出来了（Q38 就是点到了其中一个） | F33: git worktree list | G33: 列表很乱 | H33: 确认后删掉已合并的 claude/* 分支和对应 worktree | J33: 待处理
A34: Q36 | B34: P2 | C34: 缺失 | D34: 整体 | E34: 重启电脑后恢复会话（验收场景 14）还没做 | F34: — | G34: 属于 MVP 完整版 | H34: 按计划在 M4 做 | I34: E14 | J34: 待处理
A35: Q37 | B35: P2 | C35: 缺失 | D35: apps/desktop | E35: 没有打包流程：better-sqlite3 的 asarUnpack、node-pty spawn-helper 权限、tmux.conf 和 agentdeck-notify 的资源路径都还没进打包配置 | F35: — | G35: 现在只能从源码 pnpm dev 启动，不能放进程序坞 | H35: 加 electron-builder 配置，产出 .app | I35: E20 | J35: 待处理
A36: Q30 | B36: P3 | C36: 清理 | D36: 白板 | E36: 右下角有 React Flow 的水印 | F36: 看截图右下角 | G36: 外观 | H36: 关掉水印 | J36: 待处理
A37: Q32 | B37: P3 | C37: 清理 | D37: 开发环境 | E37: Electron 二进制要手动下载一次（pnpm 10 不跑依赖的 postinstall） | F37: 新克隆后 pnpm dev 报 Electron uninstall | G37: 新环境第一次启动会失败 | H37: 在 pnpm 配置里允许 electron 的安装脚本，或在根目录加 setup 脚本 | J37: 待处理
A38: Q33 | B38: P3 | C38: 清理 | D38: 开发环境 | E38: dev 的 tmux 实例里留着 4 个演示会话，其中 2 个来自组装用的 worktree | F38: tmux -L agentdeck-desktop-dev ls | G38: 无害，占一点资源 | H38: 验收完后 tmux -L agentdeck-desktop-dev kill-server | J38: 待处理
A39: Q34 | B39: P3 | C39: 技术债 | D39: agent-adapters 测试 | E39: 真 agent 测试会自动回答 codex 的“信任这个文件夹”，往用户的 codex 配置里写记录 | F39: 看 real-agents.test.ts | G39: 跑测试会改用户配置 | H39: 测试里用临时 CODEX_HOME 和 CLAUDE_CONFIG_DIR | J39: 待处理

Sheet 汇总
A1: 汇总
A2: 下面的数字都是公式，改了另外两张表会自动更新。
A4: 用例状态 | B4: 用例数 | C4: 已验收通过 | D4: 验收不通过
A5: ⚠ 当前有问题 | B5: =COUNTIF('端到端用例'!$C$2:$C$25,A5) | C5: =COUNTIFS('端到端用例'!$C$2:$C$25,A5,'端到端用例'!$K$2:$K$25,"通过") | D5: =COUNTIFS('端到端用例'!$C$2:$C$25,A5,'端到端用例'!$K$2:$K$25,"不通过")
A6: 未验证 | B6: =COUNTIF('端到端用例'!$C$2:$C$25,A6) | C6: =COUNTIFS('端到端用例'!$C$2:$C$25,A6,'端到端用例'!$K$2:$K$25,"通过") | D6: =COUNTIFS('端到端用例'!$C$2:$C$25,A6,'端到端用例'!$K$2:$K$25,"不通过")
A7: 部分验证 | B7: =COUNTIF('端到端用例'!$C$2:$C$25,A7) | C7: =COUNTIFS('端到端用例'!$C$2:$C$25,A7,'端到端用例'!$K$2:$K$25,"通过") | D7: =COUNTIFS('端到端用例'!$C$2:$C$25,A7,'端到端用例'!$K$2:$K$25,"不通过")
A8: 已验证 | B8: =COUNTIF('端到端用例'!$C$2:$C$25,A8) | C8: =COUNTIFS('端到端用例'!$C$2:$C$25,A8,'端到端用例'!$K$2:$K$25,"通过") | D8: =COUNTIFS('端到端用例'!$C$2:$C$25,A8,'端到端用例'!$K$2:$K$25,"不通过")
A9: 未实现 | B9: =COUNTIF('端到端用例'!$C$2:$C$25,A9) | C9: =COUNTIFS('端到端用例'!$C$2:$C$25,A9,'端到端用例'!$K$2:$K$25,"通过") | D9: =COUNTIFS('端到端用例'!$C$2:$C$25,A9,'端到端用例'!$K$2:$K$25,"不通过")
A10: 合计 | B10: =SUM(B5:B9) | C10: =SUM(C5:C9) | D10: =SUM(D5:D9)
A12: 问题 P 级 | B12: 问题数 | C12: 已解决 | D12: 未解决
A13: P0 | B13: =COUNTIF('问题清单'!$B$2:$B$39,A13) | C13: =COUNTIFS('问题清单'!$B$2:$B$39,A13,'问题清单'!$J$2:$J$39,"已解决") | D13: =B13-C13
A14: P1 | B14: =COUNTIF('问题清单'!$B$2:$B$39,A14) | C14: =COUNTIFS('问题清单'!$B$2:$B$39,A14,'问题清单'!$J$2:$J$39,"已解决") | D14: =B14-C14
A15: P2 | B15: =COUNTIF('问题清单'!$B$2:$B$39,A15) | C15: =COUNTIFS('问题清单'!$B$2:$B$39,A15,'问题清单'!$J$2:$J$39,"已解决") | D15: =B15-C15
A16: P3 | B16: =COUNTIF('问题清单'!$B$2:$B$39,A16) | C16: =COUNTIFS('问题清单'!$B$2:$B$39,A16,'问题清单'!$J$2:$J$39,"已解决") | D16: =B16-C16
A17: 合计 | B17: =SUM(B13:B16) | C17: =SUM(C13:C16) | D17: =SUM(D13:D16)
A19: 用例优先级 | B19: 用例数 | C19: 已验收通过 | D19: 未通过或未验收
A20: P0 | B20: =COUNTIF('端到端用例'!$B$2:$B$25,A20) | C20: =COUNTIFS('端到端用例'!$B$2:$B$25,A20,'端到端用例'!$K$2:$K$25,"通过") | D20: =B20-C20
A21: P1 | B21: =COUNTIF('端到端用例'!$B$2:$B$25,A21) | C21: =COUNTIFS('端到端用例'!$B$2:$B$25,A21,'端到端用例'!$K$2:$K$25,"通过") | D21: =B21-C21
A22: P2 | B22: =COUNTIF('端到端用例'!$B$2:$B$25,A22) | C22: =COUNTIFS('端到端用例'!$B$2:$B$25,A22,'端到端用例'!$K$2:$K$25,"通过") | D22: =B22-C22
